context,prefix,namespace,status
obo,AAO,http://purl.obolibrary.org/obo/AAO_,canonical
obo,ADO,http://purl.obolibrary.org/obo/ADO_,canonical
obo,ADW,http://purl.obolibrary.org/obo/ADW_,canonical
obo,AEO,http://purl.obolibrary.org/obo/AEO_,canonical
obo,AERO,http://purl.obolibrary.org/obo/AERO_,canonical
obo,AfPO,http://purl.obolibrary.org/obo/AfPO_,canonical
obo,AGRO,http://purl.obolibrary.org/obo/AGRO_,canonical
obo,AISM,http://purl.obolibrary.org/obo/AISM_,canonical
obo,AMPHX,http://purl.obolibrary.org/obo/AMPHX_,canonical
obo,APO,http://purl.obolibrary.org/obo/APO_,canonical
obo,APOLLO_SV,http://purl.obolibrary.org/obo/APOLLO_SV_,canonical
obo,ARO,http://purl.obolibrary.org/obo/ARO_,canonical
obo,ATO,http://purl.obolibrary.org/obo/ATO_,canonical
obo,BCGO,http://purl.obolibrary.org/obo/BCGO_,canonical
obo,BCO,http://purl.obolibrary.org/obo/BCO_,canonical
obo,BFO,http://purl.obolibrary.org/obo/BFO_,canonical
obo,BILA,http://purl.obolibrary.org/obo/BILA_,canonical
obo,BOOTSTREP,http://purl.obolibrary.org/obo/BOOTSTREP_,canonical
obo,BSPO,http://purl.obolibrary.org/obo/BSPO_,canonical
obo,BTO,http://purl.obolibrary.org/obo/BTO_,canonical
obo,CARO,http://purl.obolibrary.org/obo/CARO_,canonical
obo,CDAO,http://purl.obolibrary.org/obo/CDAO_,canonical
obo,CDNO,http://purl.obolibrary.org/obo/CDNO_,canonical
obo,CEPH,http://purl.obolibrary.org/obo/CEPH_,canonical
obo,CHEBI,http://purl.obolibrary.org/obo/CHEBI_,canonical
obo,CHEMINF,http://purl.obolibrary.org/obo/CHEMINF_,canonical
obo,CHIRO,http://purl.obolibrary.org/obo/CHIRO_,canonical
obo,CHMO,http://purl.obolibrary.org/obo/CHMO_,canonical
obo,CIDO,http://purl.obolibrary.org/obo/CIDO_,canonical
obo,CIO,http://purl.obolibrary.org/obo/CIO_,canonical
obo,CL,http://purl.obolibrary.org/obo/CL_,canonical
obo,CLAO,http://purl.obolibrary.org/obo/CLAO_,canonical
obo,CLO,http://purl.obolibrary.org/obo/CLO_,canonical
obo,CLYH,http://purl.obolibrary.org/obo/CLYH_,canonical
obo,CMF,http://purl.obolibrary.org/obo/CMF_,canonical
obo,CMO,http://purl.obolibrary.org/obo/CMO_,canonical
obo,COB,http://purl.obolibrary.org/obo/COB_,canonical
obo,COLAO,http://purl.obolibrary.org/obo/COLAO_,canonical
obo,CRO,http://purl.obolibrary.org/obo/CRO_,canonical
obo,CTENO,http://purl.obolibrary.org/obo/CTENO_,canonical
obo,CTO,http://purl.obolibrary.org/obo/CTO_,canonical
obo,CVDO,http://purl.obolibrary.org/obo/CVDO_,canonical
obo,DC_CL,http://purl.obolibrary.org/obo/DC_CL_,canonical
obo,DDANAT,http://purl.obolibrary.org/obo/DDANAT_,canonical
obo,DDPHENO,http://purl.obolibrary.org/obo/DDPHENO_,canonical
obo,DIDEO,http://purl.obolibrary.org/obo/DIDEO_,canonical
obo,DINTO,http://purl.obolibrary.org/obo/DINTO_,canonical
obo,DISDRIV,http://purl.obolibrary.org/obo/DISDRIV_,canonical
obo,DOID,http://purl.obolibrary.org/obo/DOID_,canonical
obo,DRON,http://purl.obolibrary.org/obo/DRON_,canonical
obo,DUO,http://purl.obolibrary.org/obo/DUO_,canonical
obo,ECAO,http://purl.obolibrary.org/obo/ECAO_,canonical
obo,ECO,http://purl.obolibrary.org/obo/ECO_,canonical
obo,ECOCORE,http://purl.obolibrary.org/obo/ECOCORE_,canonical
obo,ECTO,http://purl.obolibrary.org/obo/ECTO_,canonical
obo,EHDA,http://purl.obolibrary.org/obo/EHDA_,canonical
obo,EHDAA,http://purl.obolibrary.org/obo/EHDAA_,canonical
obo,EHDAA2,http://purl.obolibrary.org/obo/EHDAA2_,canonical
obo,EMAP,http://purl.obolibrary.org/obo/EMAP_,canonical
obo,EMAPA,http://purl.obolibrary.org/obo/EMAPA_,canonical
obo,ENVO,http://purl.obolibrary.org/obo/ENVO_,canonical
obo,EO,http://purl.obolibrary.org/obo/EO_,canonical
obo,EPIO,http://purl.obolibrary.org/obo/EPIO_,canonical
obo,EPO,http://purl.obolibrary.org/obo/EPO_,canonical
obo,ERO,http://purl.obolibrary.org/obo/ERO_,canonical
obo,EUPATH,http://purl.obolibrary.org/obo/EUPATH_,canonical
obo,EV,http://purl.obolibrary.org/obo/EV_,canonical
obo,ExO,http://purl.obolibrary.org/obo/ExO_,canonical
obo,FAO,http://purl.obolibrary.org/obo/FAO_,canonical
obo,FBbi,http://purl.obolibrary.org/obo/FBbi_,canonical
obo,FBbt,http://purl.obolibrary.org/obo/FBbt_,canonical
obo,FBcv,http://purl.obolibrary.org/obo/FBcv_,canonical
obo,FBdv,http://purl.obolibrary.org/obo/FBdv_,canonical
obo,FBSP,http://purl.obolibrary.org/obo/FBSP_,canonical
obo,FIDEO,http://purl.obolibrary.org/obo/FIDEO_,canonical
obo,FIX,http://purl.obolibrary.org/obo/FIX_,canonical
obo,FLOPO,http://purl.obolibrary.org/obo/FLOPO_,canonical
obo,FLU,http://purl.obolibrary.org/obo/FLU_,canonical
obo,FMA,http://purl.obolibrary.org/obo/FMA_,canonical
obo,FOBI,http://purl.obolibrary.org/obo/FOBI_,canonical
obo,FOODON,http://purl.obolibrary.org/obo/FOODON_,canonical
obo,FOVT,http://purl.obolibrary.org/obo/FOVT_,canonical
obo,FYPO,http://purl.obolibrary.org/obo/FYPO_,canonical
obo,GALLONT,http://purl.obolibrary.org/obo/GALLONT_,canonical
obo,GAZ,http://purl.obolibrary.org/obo/GAZ_,canonical
obo,GECKO,http://purl.obolibrary.org/obo/GECKO_,canonical
obo,GENEPIO,http://purl.obolibrary.org/obo/GENEPIO_,canonical
obo,GENO,http://purl.obolibrary.org/obo/GENO_,canonical
obo,GEO,http://purl.obolibrary.org/obo/GEO_,canonical
obo,GNO,http://purl.obolibrary.org/obo/GNO_,canonical
obo,GO,http://purl.obolibrary.org/obo/GO_,canonical
obo,GRO,http://purl.obolibrary.org/obo/GRO_,canonical
obo,GSSO,http://purl.obolibrary.org/obo/GSSO_,canonical
obo,HABRONATTUS,http://purl.obolibrary.org/obo/HABRONATTUS_,canonical
obo,HANCESTRO,http://purl.obolibrary.org/obo/HANCESTRO_,canonical
obo,HAO,http://purl.obolibrary.org/obo/HAO_,canonical
obo,HOM,http://purl.obolibrary.org/obo/HOM_,canonical
obo,HP,http://purl.obolibrary.org/obo/HP_,canonical
obo,HsapDv,http://purl.obolibrary.org/obo/HsapDv_,canonical
obo,HSO,http://purl.obolibrary.org/obo/HSO_,canonical
obo,HTN,http://purl.obolibrary.org/obo/HTN_,canonical
obo,IAO,http://purl.obolibrary.org/obo/IAO_,canonical
obo,ICEO,http://purl.obolibrary.org/obo/ICEO_,canonical
obo,ICO,http://purl.obolibrary.org/obo/ICO_,canonical
obo,IDO,http://purl.obolibrary.org/obo/IDO_,canonical
obo,IDOMAL,http://purl.obolibrary.org/obo/IDOMAL_,canonical
obo,IEV,http://purl.obolibrary.org/obo/IEV_,canonical
obo,IMR,http://purl.obolibrary.org/obo/IMR_,canonical
obo,INO,http://purl.obolibrary.org/obo/INO_,canonical
obo,IPR,http://purl.obolibrary.org/obo/IPR_,canonical
obo,KISAO,http://purl.obolibrary.org/obo/KISAO_,canonical
obo,LABO,http://purl.obolibrary.org/obo/LABO_,canonical
obo,LEPAO,http://purl.obolibrary.org/obo/LEPAO_,canonical
obo,LIPRO,http://purl.obolibrary.org/obo/LIPRO_,canonical
obo,LOGGERHEAD,http://purl.obolibrary.org/obo/LOGGERHEAD_,canonical
obo,MA,http://purl.obolibrary.org/obo/MA_,canonical
obo,MAMO,http://purl.obolibrary.org/obo/MAMO_,canonical
obo,MAO,http://purl.obolibrary.org/obo/MAO_,canonical
obo,MAT,http://purl.obolibrary.org/obo/MAT_,canonical
obo,MAXO,http://purl.obolibrary.org/obo/MAXO_,canonical
obo,MCO,http://purl.obolibrary.org/obo/MCO_,canonical
obo,MCRO,http://purl.obolibrary.org/obo/MCRO_,canonical
obo,MF,http://purl.obolibrary.org/obo/MF_,canonical
obo,MFMO,http://purl.obolibrary.org/obo/MFMO_,canonical
obo,MFO,http://purl.obolibrary.org/obo/MFO_,canonical
obo,MFOEM,http://purl.obolibrary.org/obo/MFOEM_,canonical
obo,MFOMD,http://purl.obolibrary.org/obo/MFOMD_,canonical
obo,MI,http://purl.obolibrary.org/obo/MI_,canonical
obo,MIAPA,http://purl.obolibrary.org/obo/MIAPA_,canonical
obo,MICRO,http://purl.obolibrary.org/obo/MICRO_,canonical
obo,MIRNAO,http://purl.obolibrary.org/obo/MIRNAO_,canonical
obo,MIRO,http://purl.obolibrary.org/obo/MIRO_,canonical
obo,MMO,http://purl.obolibrary.org/obo/MMO_,canonical
obo,MmusDv,http://purl.obolibrary.org/obo/MmusDv_,canonical
obo,MO,http://purl.obolibrary.org/obo/MO_,canonical
obo,MOD,http://purl.obolibrary.org/obo/MOD_,canonical
obo,MONDO,http://purl.obolibrary.org/obo/MONDO_,canonical
obo,MOP,http://purl.obolibrary.org/obo/MOP_,canonical
obo,MP,http://purl.obolibrary.org/obo/MP_,canonical
obo,MPATH,http://purl.obolibrary.org/obo/MPATH_,canonical
obo,MPIO,http://purl.obolibrary.org/obo/MPIO_,canonical
obo,MRO,http://purl.obolibrary.org/obo/MRO_,canonical
obo,MS,http://purl.obolibrary.org/obo/MS_,canonical
obo,NBO,http://purl.obolibrary.org/obo/NBO_,canonical
obo,NCBITaxon,http://purl.obolibrary.org/obo/NCBITaxon_,canonical
obo,NCIT,http://purl.obolibrary.org/obo/NCIT_,canonical
obo,NCRO,http://purl.obolibrary.org/obo/NCRO_,canonical
obo,NGBO,http://purl.obolibrary.org/obo/NGBO_,canonical
obo,NIF_CELL,http://purl.obolibrary.org/obo/NIF_CELL_,canonical
obo,NIF_DYSFUNCTION,http://purl.obolibrary.org/obo/NIF_DYSFUNCTION_,canonical
obo,NIF_GROSSANATOMY,http://purl.obolibrary.org/obo/NIF_GROSSANATOMY_,canonical
obo,NMR,http://purl.obolibrary.org/obo/NMR_,canonical
obo,NOMEN,http://purl.obolibrary.org/obo/NOMEN_,canonical
obo,OAE,http://purl.obolibrary.org/obo/OAE_,canonical
obo,OARCS,http://purl.obolibrary.org/obo/OARCS_,canonical
obo,OBA,http://purl.obolibrary.org/obo/OBA_,canonical
obo,OBCS,http://purl.obolibrary.org/obo/OBCS_,canonical
obo,OBI,http://purl.obolibrary.org/obo/OBI_,canonical
obo,OBIB,http://purl.obolibrary.org/obo/OBIB_,canonical
obo,OBO_REL,http://purl.obolibrary.org/obo/OBO_REL_,canonical
obo,OCCO,http://purl.obolibrary.org/obo/OCCO_,canonical
obo,OGG,http://purl.obolibrary.org/obo/OGG_,canonical
obo,OGI,http://purl.obolibrary.org/obo/OGI_,canonical
obo,OGMS,http://purl.obolibrary.org/obo/OGMS_,canonical
obo,OGSF,http://purl.obolibrary.org/obo/OGSF_,canonical
obo,OHD,http://purl.obolibrary.org/obo/OHD_,canonical
obo,OHMI,http://purl.obolibrary.org/obo/OHMI_,canonical
obo,OHPI,http://purl.obolibrary.org/obo/OHPI_,canonical
obo,OlatDv,http://purl.obolibrary.org/obo/OlatDv_,canonical
obo,OMIABIS,http://purl.obolibrary.org/obo/OMIABIS_,canonical
obo,OMIT,http://purl.obolibrary.org/obo/OMIT_,canonical
obo,OMO,http://purl.obolibrary.org/obo/OMO_,canonical
obo,OMP,http://purl.obolibrary.org/obo/OMP_,canonical
obo,OMRSE,http://purl.obolibrary.org/obo/OMRSE_,canonical
obo,ONE,http://purl.obolibrary.org/obo/ONE_,canonical
obo,ONS,http://purl.obolibrary.org/obo/ONS_,canonical
obo,ONTOAVIDA,http://purl.obolibrary.org/obo/ONTOAVIDA_,canonical
obo,ONTONEO,http://purl.obolibrary.org/obo/ONTONEO_,canonical
obo,OOSTT,http://purl.obolibrary.org/obo/OOSTT_,canonical
obo,OPL,http://purl.obolibrary.org/obo/OPL_,canonical
obo,OPMI,http://purl.obolibrary.org/obo/OPMI_,canonical
obo,ORNASEQ,http://purl.obolibrary.org/obo/ORNASEQ_,canonical
obo,OVAE,http://purl.obolibrary.org/obo/OVAE_,canonical
obo,PAO,http://purl.obolibrary.org/obo/PAO_,canonical
obo,PATO,http://purl.obolibrary.org/obo/PATO_,canonical
obo,PCL,http://purl.obolibrary.org/obo/PCL_,canonical
obo,PCO,http://purl.obolibrary.org/obo/PCO_,canonical
obo,PD_ST,http://purl.obolibrary.org/obo/PD_ST_,canonical
obo,PDRO,http://purl.obolibrary.org/obo/PDRO_,canonical
obo,PdumDv,http://purl.obolibrary.org/obo/PdumDv_,canonical
obo,PECO,http://purl.obolibrary.org/obo/PECO_,canonical
obo,PGDSO,http://purl.obolibrary.org/obo/PGDSO_,canonical
obo,PHIPO,http://purl.obolibrary.org/obo/PHIPO_,canonical
obo,PLANA,http://purl.obolibrary.org/obo/PLANA_,canonical
obo,PLANP,http://purl.obolibrary.org/obo/PLANP_,canonical
obo,PLO,http://purl.obolibrary.org/obo/PLO_,canonical
obo,PO,http://purl.obolibrary.org/obo/PO_,canonical
obo,PORO,http://purl.obolibrary.org/obo/PORO_,canonical
obo,PPO,http://purl.obolibrary.org/obo/PPO_,canonical
obo,PR,http://purl.obolibrary.org/obo/PR_,canonical
obo,PROCO,http://purl.obolibrary.org/obo/PROCO_,canonical
obo,PROPREO,http://purl.obolibrary.org/obo/PROPREO_,canonical
obo,PSDO,http://purl.obolibrary.org/obo/PSDO_,canonical
obo,PSO,http://purl.obolibrary.org/obo/PSO_,canonical
obo,PW,http://purl.obolibrary.org/obo/PW_,canonical
obo,RBO,http://purl.obolibrary.org/obo/RBO_,canonical
obo,RESID,http://purl.obolibrary.org/obo/RESID_,canonical
obo,REX,http://purl.obolibrary.org/obo/REX_,canonical
obo,RNAO,http://purl.obolibrary.org/obo/RNAO_,canonical
obo,RO,http://purl.obolibrary.org/obo/RO_,canonical
obo,RS,http://purl.obolibrary.org/obo/RS_,canonical
obo,RXNO,http://purl.obolibrary.org/obo/RXNO_,canonical
obo,SAO,http://purl.obolibrary.org/obo/SAO_,canonical
obo,SBO,http://purl.obolibrary.org/obo/SBO_,canonical
obo,SCDO,http://purl.obolibrary.org/obo/SCDO_,canonical
obo,SEP,http://purl.obolibrary.org/obo/SEP_,canonical
obo,SEPIO,http://purl.obolibrary.org/obo/SEPIO_,canonical
obo,SIBO,http://purl.obolibrary.org/obo/SIBO_,canonical
obo,SLSO,http://purl.obolibrary.org/obo/SLSO_,canonical
obo,SO,http://purl.obolibrary.org/obo/SO_,canonical
obo,SOPHARM,http://purl.obolibrary.org/obo/SOPHARM_,canonical
obo,SPD,http://purl.obolibrary.org/obo/SPD_,canonical
obo,STATO,http://purl.obolibrary.org/obo/STATO_,canonical
obo,SWO,http://purl.obolibrary.org/obo/SWO_,canonical
obo,SYMP,http://purl.obolibrary.org/obo/SYMP_,canonical
obo,T4FS,http://purl.obolibrary.org/obo/T4FS_,canonical
obo,TADS,http://purl.obolibrary.org/obo/TADS_,canonical
obo,TAHE,http://purl.obolibrary.org/obo/TAHE_,canonical
obo,TAHH,http://purl.obolibrary.org/obo/TAHH_,canonical
obo,TAO,http://purl.obolibrary.org/obo/TAO_,canonical
obo,TAXRANK,http://purl.obolibrary.org/obo/TAXRANK_,canonical
obo,TGMA,http://purl.obolibrary.org/obo/TGMA_,canonical
obo,TO,http://purl.obolibrary.org/obo/TO_,canonical
obo,TRANS,http://purl.obolibrary.org/obo/TRANS_,canonical
obo,TTO,http://purl.obolibrary.org/obo/TTO_,canonical
obo,TXPO,http://purl.obolibrary.org/obo/TXPO_,canonical
obo,UBERON,http://purl.obolibrary.org/obo/UBERON_,canonical
obo,UO,http://purl.obolibrary.org/obo/UO_,canonical
obo,UPA,http://purl.obolibrary.org/obo/UPA_,canonical
obo,UPHENO,http://purl.obolibrary.org/obo/UPHENO_,canonical
obo,VariO,http://purl.obolibrary.org/obo/VariO_,canonical
obo,VBO,http://purl.obolibrary.org/obo/VBO_,canonical
obo,VHOG,http://purl.obolibrary.org/obo/VHOG_,canonical
obo,VO,http://purl.obolibrary.org/obo/VO_,canonical
obo,VSAO,http://purl.obolibrary.org/obo/VSAO_,canonical
obo,VT,http://purl.obolibrary.org/obo/VT_,canonical
obo,VTO,http://purl.obolibrary.org/obo/VTO_,canonical
obo,WBbt,http://purl.obolibrary.org/obo/WBbt_,canonical
obo,WBls,http://purl.obolibrary.org/obo/WBls_,canonical
obo,WBPhenotype,http://purl.obolibrary.org/obo/WBPhenotype_,canonical
obo,XAO,http://purl.obolibrary.org/obo/XAO_,canonical
obo,XCO,http://purl.obolibrary.org/obo/XCO_,canonical
obo,XLMOD,http://purl.obolibrary.org/obo/XLMOD_,canonical
obo,XPO,http://purl.obolibrary.org/obo/XPO_,canonical
obo,YPO,http://purl.obolibrary.org/obo/YPO_,canonical
obo,ZEA,http://purl.obolibrary.org/obo/ZEA_,canonical
obo,ZECO,http://purl.obolibrary.org/obo/ZECO_,canonical
obo,ZFA,http://purl.obolibrary.org/obo/ZFA_,canonical
obo,ZFS,http://purl.obolibrary.org/obo/ZFS_,canonical
obo,ZP,http://purl.obolibrary.org/obo/ZP_,canonical
bioportal,ABD,http://brd.bsvgateway.org/api/,canonical
bioportal,ACESO,http://www.semanticweb.org/cbmi/ontologies/2018/10/aceso#,canonical
bioportal,ACGT-MO,http://www.ifomis.org/acgt/1.0#,canonical
bioportal,AD-DROP,http://www.semanticweb.org/AD-DROP#,canonical
bioportal,ADALAB-META,http://rdf.adalab-project.org/ontology/adalab-meta/,canonical
bioportal,ADAR,http://purl.org/autism-ontology/1.0/autism-core.owl#,canonical
bioportal,ADAR,http://purl.org/autism-ontology/1.0/CA_ADOS1-2001.owl#,prefix_alias
bioportal,ADAR,http://purl.org/autism-ontology/1.0/Interests_and_behaviors_phenotype#,prefix_alias
bioportal,ADAR,http://purl.org/autism-ontology/1.0/assessment-result.owl#,prefix_alias
bioportal,ADAR,http://purl.org/autism-ontology/1.0/autism-merged.owl#,prefix_alias
bioportal,ADAR,http://purl.org/autism-ontology/1.0/autism-rules.owl#,prefix_alias
bioportal,ADAR,http://purl.org/autism-ontology/1.0/ca_adi-2003.owl#,prefix_alias
bioportal,ADAR,http://purl.org/autism-ontology/1.0/ca_ados4_2001.owl#,prefix_alias
bioportal,ADAR,http://purl.org/autism-ontology/1.0/ca_vinelandsurvey-2005.owl#,prefix_alias
bioportal,ADCAD,https://purl.dataone.org/odo/ADCAD_,canonical
bioportal,ADHER_INTCARE_EN,http://www.semanticweb.org/parracarlos/ontologies/2019/3/untitled-ontology-31#,canonical
bioportal,ADMO,http://www.semanticweb.org/ADMO#,canonical
bioportal,ADO,http://scai.fraunhofer.de/AlzheimerOntology#,canonical
bioportal,AGROCYMAC,http://www.semanticweb.org/yali/ontologies/2019/0/cultivos#,canonical
bioportal,AGROMOP,http://www.semanticweb.org/vera/ontologies/2020/1/untitled-ontology-5#,canonical
bioportal,AHOL,http://opendata.inra.fr/AHOL/AHOL_,canonical
bioportal,AHSO,https://w3id.org/ahso#,canonical
bioportal,AIRBUS,http://protege.stanford.edu/thesauri/aero/,canonical
bioportal,AISM,OBO:AISM_,canonical
bioportal,AMINO-ACID,http://www.co-ode.org/ontologies/amino-acid/2006/05/18/amino-acid.owl#,canonical
bioportal,AO,http://childhealthservicemodels.eu/asthma#,canonical
bioportal,APAOCUEMPLOY,http://www.semanticweb.org/ontologies/2015/0/ocupationalemploymentcluster.owl#,canonical
bioportal,APATREATMENT,http://www.semanticweb.org/ontologies/2015/0/treatmentcluster.owl#,canonical
bioportal,araport,OBO:Araport_,canonical
bioportal,ARCRC,http://purl.dataone.org/odo/ARCRC_,canonical
bioportal,ASDPTO,http://cbmi.med.harvard.edu/asdphenotype#,canonical
bioportal,ASPECT,http://purl.org/aspect/,canonical
bioportal,ATC,http://purl.bioontology.org/ontology/ATC/,canonical
bioportal,ATOL,http://opendata.inra.fr/ATOL/ATOL_,canonical
bioportal,AURA,http://www.projecthalo.com/aura#,canonical
bioportal,BAO,http://www.bioassayontology.org/bao#BAO_,canonical
bioportal,BCI-O,https://w3id.org/BCI-ontology#,canonical
bioportal,BCTT,http://purl.bioontology.org/ontology/BCTT#,canonical
bioportal,BFO,http://www.ifomis.org/bfo/1.1/snap#,canonical
bioportal,BHN,http://chu-rouen.fr/cismef/BHN#,canonical
bioportal,BIBFRAME,http://id.loc.gov/ontologies/bibframe/,canonical
bioportal,BIBLIOTEK-O,http://bibliotek-o.org/1.1/ontology/,canonical
bioportal,BIBLIOTEK-O,http://bibliotek-o.org/ontology/,prefix_alias
bioportal,BIM,http://cbakerlab.unbsj.ca/unbvps/BIM#,canonical
bioportal,BIM,http://cbakerlab.unbsj.ca:8080/ontologies/BIM.owl#,prefix_alias
bioportal,BIM,http://cbakerlab.unbsj.ca:8080/sebi/BIM.owl#,prefix_alias
bioportal,BIN,http://purl.bioontology.org/ontology/BIN/,canonical
bioportal,BIRNLEX,http://bioontology.org/projects/ontologies/birnlex#,canonical
bioportal,BNO,http://www.owl-ontologies.com/Ontology1361987617.owl#,canonical
bioportal,BOF,http://www.owl-ontologies.com/BiodiversityOntologyFull.owl#,canonical
bioportal,BP,http://www.biopax.org/release/biopax-level3.owl#,canonical
bioportal,BRCT,http://www.semanticweb.org/latitude_user/ontologies/2014/8/untitled-ontology-7#,canonical
bioportal,BRCT,http://www.semanticweb.org/ontologies/2009/9/Ontology1255357986125.owl#,prefix_alias
bioportal,BRIDG,http://www.bridgmodel.org/owl#,canonical
bioportal,BRO,http://bioontology.org/ontologies/BiomedicalResourceOntology.owl#,canonical
bioportal,BRSO,http://purl.jp/bio/10/brso/,canonical
bioportal,BRSO,http://purl.org/brso/BiologicalResourceStatus#,prefix_alias
bioportal,BRSO,http://purl.org/brso/BiologicalResourceType#,prefix_alias
bioportal,BSAO,OBO:BSA_,canonical
bioportal,BT,http://purl.org/biotop/biotop.owl#,canonical
bioportal,CABRO,http://www.semanticweb.org/dimitrios/ontologies/2013/2/untitled-ontology-2#,canonical
bioportal,CARELEX,http://www.CareLex.org/2012/carelex.owl#,canonical
bioportal,CARRE,file:/Users/allanthird/Work/CARRE/CARREOntology/carre-ontology.xml#,canonical
bioportal,CARRE,file:/Users/allanthird/Work/CARRE/CARREOntology/carre-sensors.xml#,prefix_alias
bioportal,CASE-BASE-ONTO,http://www.semanticweb.org/hsh/ontologies/2019/7/CBRDystempOnto#,canonical
bioportal,CCTOO,OBO:CCTO_,canonical
bioportal,CDPEO,http://www.semanticweb.org/ontologies/chronic-diease-patient-education-ontology#,canonical
bioportal,CEDARVS,http://www.semanticweb.org/jgraybeal/ontologies/2015/7/cedarvaluesets#,canonical
bioportal,cgnc,OBO:CGNC_,canonical
bioportal,CHD,http://homes.esat.kuleuven.be/~bioiuser/chdwiki/index.php/CHD:CaseReport?id=,canonical
bioportal,CHEMINF,http://semanticscience.org/resource/CHEMINF_,canonical
bioportal,CIDOC-CRM,http://www.cidoc-crm.org/cidoc-crm/,canonical
bioportal,CKDO,http://clininf.eu/ckdo#,canonical
bioportal,CMDO,http://purl.bioontology.org/ontology/CMDO/,canonical
bioportal,CMR-QA,http://www.semanticweb.org/ukbiobank/ocmr_isg/CMR-QA#,canonical
bioportal,CN,http://mmisw.org/ont/Technology/ComputerNetworks/,canonical
bioportal,CN,http://mmisw.org/ont/Technology/ComputerNetworks#,prefix_alias
bioportal,CO-WHEAT,OBO:CO_321_,canonical
bioportal,CODO,http://www.isibang.ac.in/ns/codo#,canonical
bioportal,COGAT,file:/srv/ncbo/repository/COGAT/8/,canonical
bioportal,COGPO,http://www.cogpo.org/ontologies/COGPO_,canonical
bioportal,COGPO,http://www.cogpo.org/ontologies/CogPOver1.owl#,prefix_alias
bioportal,COGPO,http://www.cogpo.org/ontologies/CogPOver2010.owl#COGPO_,prefix_alias
bioportal,COID,https://github.com/sap218/coid/blob/master/coid.owl#,canonical
bioportal,COKPME,http://www.iiitdwd.ac.in/ACB/COKPME#,canonical
bioportal,COMODI,http://purl.uni-rostock.de/comodi/comodi#,canonical
bioportal,COSTART,http://purl.bioontology.org/ontology/CST/,canonical
bioportal,CPRO,http://purl.org/cpr/,canonical
bioportal,CRISP,http://purl.bioontology.org/ontology/CSP/,canonical
bioportal,CRYOEM,http://scipion.i2pc.es/ontology/CRYOEM_,canonical
bioportal,CSSO,http://purl.jp/bio/11/csso/CSSO_,canonical
bioportal,CU-VO,http://www.semanticweb.org/jdr2160/ontologies/2015/5/venom_ontology#,canonical
bioportal,CVAO,http://www.semanticweb.org/ontologies/2015/11/CVAO#,canonical
bioportal,CWD,http://www.semanticweb.org/jbagwell/ontologies/2017/9/untitled-ontology-6#,canonical
bioportal,CYTO,http://www.semanticweb.org/demetrios/ontologies/2014/5/,canonical
bioportal,DATACITE,http://purl.org/spar/datacite/,canonical
bioportal,DCM,http://dicom.nema.org/resources/ontology/DCM/,canonical
bioportal,DEB,http://www.semanticweb.org/osnathakimi/ontologies/deb#,canonical
bioportal,DERMO,OBO:DERMO_,canonical
bioportal,DFO,https://w3id.org/dfo/,canonical
bioportal,DIAB,http://purl.bioontology.org/ontology/DIAB/,canonical
bioportal,DIKB,http://purl.org/net/drug-interaction-knowledge-base/DIKB_evidence_ontology.owl#,canonical
bioportal,DISDRIV,OBO:DISDRIV_,canonical
bioportal,DLO,https://w3id.org/dlo/,canonical
bioportal,DLORO,http://www.semanticweb.org/alan/ontologies/2013/8/untitled-ontology-9#,canonical
bioportal,DOCCC,http://www.semanticweb.org/hll/ontologies/2013/8/untitled-ontology-2#,canonical
bioportal,DOID,http://purl.org/obo/owl/DOID#,canonical
bioportal,DOREMUS-KEYS,http://data.doremus.org/vocabulary/key/,canonical
bioportal,DRANPTO,http://www.semanticweb.org/zhenyuzhang/ontologies/2019/8/nonpharmacological-intervention-for-agitation-in-dementia-ontology/,canonical
bioportal,DREAMDNPTO,http://www.semanticweb.org/zhenyuzhang/ontologies/2021/DREAMDNPTO#,canonical
bioportal,DRPSNPTO,http://www.semanticweb.org/zhenyuzhang/ontologies/2020/DRPSNPTO/,canonical
bioportal,DSEO,http://bigdatau.org/dseo#,canonical
bioportal,DTO,http://www.drugtargetontology.org/dto/DTO_,canonical
bioportal,EBP,http://www.semanticweb.org/tswheeler/ontologies/2016/3/EmpowerBP#,canonical
bioportal,ECAO,OBO:ECAO_,canonical
bioportal,ECG,http://www.cvrgrid.org/files/ECGOntologyv1.owl#ECG_,canonical
bioportal,ECP,http://iris.med.duth.gr/research/ecp/ontology/eCP.owl#,canonical
bioportal,ECSO,http://purl.dataone.org/odo/ECSO_,canonical
bioportal,EDAM,http://edamontology.org/,canonical
bioportal,EFO,http://www.ebi.ac.uk/efo/EFO_,canonical
bioportal,ELECTRICA,http://purl.org/ELECTRICA/,canonical
bioportal,ELIG,http://www.semanticweb.org/ontologies/2012/8/Ontology1348158066194.owl#,canonical
bioportal,ELTER_CL,http://vocabs.lter-europe.net/eLTER_CL/,canonical
bioportal,EMO,http://www.semanticweb.org/ontologies/2011/1/14/EMO.owl/,canonical
bioportal,ensembl.bacteria,OBO:EnsemblBacteria#_,canonical
bioportal,ENVS_VARIABLES,http://purl.org/m4m-dk-2/variables/,canonical
bioportal,ENVTHES,http://vocabs.lter-europe.net/EnvThes/,canonical
bioportal,EO,http://www.semanticweb.org/ethnicityOntology#,canonical
bioportal,EOL,http://purl.org/obo/owlEOL_,canonical
bioportal,EP,http://www.cvrgrid.org/ontologies/Electrophysiology#,canonical
bioportal,EPIE,https://pat.nichd.nih.gov/patepigeneticentity/,canonical
bioportal,EPILONT,http://www.semanticweb.org/ontologies/2009/3/EpilepsyOntology.owl#,canonical
bioportal,EPIO,https://bio.scai.fraunhofer.de/ontology/epilepsy#,canonical
bioportal,EPIP,https://pat.nichd.nih.gov/patepigeneticprocess/,canonical
bioportal,EPISEM,http://www.semanticweb.org/danielhier/ontologies/2019/3/untitled-ontology-57/,canonical
bioportal,EPO,http://www.semanticweb.org/ontologies/epo.owl#,canonical
bioportal,EPSO,http://www.case.edu/EpilepsyOntology.owl#,canonical
bioportal,ESSO,http://www.semanticweb.org/rjyy/ontologies/2015/5/ESSO#,canonical
bioportal,ETHANC,https://github.com/VODANA/Controlled-vocabulary/ethanc/,canonical
bioportal,EXACT,http://www.owl-ontologies.com/Ontology1184060740.owl#,canonical
bioportal,EXTRACT,http://purl.org/extract/,canonical
bioportal,FBbi,http://purl.org/obo/owl/FBbi#FBbi_,canonical
bioportal,FCC1,http://www.semanticweb.org/diwaleva/ontologies/2019/9/fcc-ontology#,canonical
bioportal,FDC-GDMT,http://vocab.fairdatacollective.org/gdmt/,canonical
bioportal,FG,https://w3id.org/fair-genomes/ontology/,canonical
bioportal,FHHO,http://www.owl-ontologies.com/Ontology1172270693.owl#,canonical
bioportal,FIRE,http://cerrado.linkeddata.es/ecology/fire#,canonical
bioportal,FISH-AST,http://purl.org/heritagedata/schemes/560/concepts/,canonical
bioportal,FISHO,http://bioportal.bioontology.org/ontologies/FISHO#,canonical
bioportal,FISHO,http://mybiodiversityontologies.um.edu.my/FO.owl#,prefix_alias
bioportal,FLYGLYCODB,http://www.flyglycodb.org/ontologies/2015/,canonical
bioportal,FMA,http://purl.org/sig/ont/fma/,canonical
bioportal,FMA,http://purl.org/obo/owlapi/fma#,prefix_alias
bioportal,FMA,http://sig.uw.edu/fma#,prefix_alias
bioportal,GALEN,http://www.co-ode.org/ontologies/galen#,canonical
bioportal,GAMUTS,http://www.gamuts.net/entity#,canonical
bioportal,GBOL,http://gbol.life/0.1/,canonical
bioportal,GCO,http://rdf.biosemantics.org/ontologies/genomecomponents#,canonical
bioportal,GECKO,OBO:GECKO_,canonical
bioportal,GENE-CDS,http://www.genomic-cds.org/ont/genomic-cds.owl#,canonical
bioportal,GEOSPARQL,http://www.opengis.net/ont/geosparql#,canonical
bioportal,GEOSPECIES,http://rdf.geospecies.org/ont/geospecies#,canonical
bioportal,GEOSPECIES,http://rdf.geospecies.org/ont/geospecies.owl#,prefix_alias
bioportal,GFFO,https://raw.githubusercontent.com/mpievolbio-scicomp/GenomeFeatureFormatOntology/main/gffo#,canonical
bioportal,GFO,http://www.onto-med.de/ontologies/gfo.owl#,canonical
bioportal,GFO,http://www.onto-med.de/ontologies/gfo-basic.owl#,prefix_alias
bioportal,GFO-BIO,http://onto.eva.mpg.de/ontologies/gfo-bio.owl#,canonical
bioportal,GFVO,https://www.codamono.com/biointerchange/gfvo#,canonical
bioportal,GLYCO,http://glycomics.ccrc.uga.edu/ontologies/GlycO#,canonical
bioportal,GLYCOCOO,http://purl.jp/bio/12/glyco/,canonical
bioportal,GML,http://www.opengis.net/ont/gml#,canonical
bioportal,GML,http://loki.cae.drexel.edu/~wbs/ontology/2004/09/ogc-gml#,prefix_alias
bioportal,GMO,http://purl.jp/bio/10/gmo/GMO_,canonical
bioportal,GNO,OBO:GNO_,canonical
bioportal,GO,http://purl.org/obo/owl/GO#GO_,canonical
bioportal,GRO,http://www.bootstrep.eu/ontology/GRO#,canonical
bioportal,GSSO,OBO:GSSO_,canonical
bioportal,GVO,http://genome-variation.org/resource/gvo#,canonical
bioportal,HASCO,http://hadatac.org/ont/hasco/,canonical
bioportal,HCDR,http://www.semanticweb.org/m14067/ontologies/2020/0/untitled-ontology-5#,canonical
bioportal,HCPCS,http://purl.bioontology.org/ontology/HCPCS/,canonical
bioportal,HEIO,http://whistl.uwaterloo.ca/heio.owl#,canonical
bioportal,HFO,http://bmi.utah.edu/ontologies/hfontology/,canonical
bioportal,HGNC,http://ncicb.nci.nih.gov/xml/owl/EVS/Hugo.owl#HGNC_,canonical
bioportal,HGNC,OBO:HGNC_,prefix_alias
bioportal,HIVO0004,http://bioportal/bioontology.org/ontologies/HIVO0004#,canonical
bioportal,HL7,http://purl.bioontology.org/ontology/HL7/,canonical
bioportal,HLA,http://purl.org/stemnet/HLA#,canonical
bioportal,HMIS033B,http://vocab.vodana.org/hmis033b/,canonical
bioportal,HNS,http://www.humannervousystem.org/KAnOE/2014/dave86#,canonical
bioportal,HRDO,http://www.limics.org/hrdo/HRDO.owl#,canonical
bioportal,HSO,https://w3id.org/hso#,canonical
bioportal,HUPSON,http://scai.fraunhofer.de/HuPSON#,canonical
bioportal,I-ADOPT,https://w3id.org/iadopt/ont/,canonical
bioportal,I2SV,https://i2insights.org/index/integration-and-implementation-sciences-vocabulary#,canonical
bioportal,IAML-MOP,http://data.doremus.org/vocabulary/iaml/mop/,canonical
bioportal,IBO,http://www.semanticweb.org/eamdouni/ontologies/2015/5/IBO#,canonical
bioportal,ICD10,http://purl.bioontology.org/ontology/ICD10/,canonical
bioportal,ICD10,https://cdn.rawgit.com/laiasubirats/rarediseasesontology/master/ICD10_1.0.owl#,prefix_alias
bioportal,ICD10CM,http://purl.bioontology.org/ontology/ICD10CM/,canonical
bioportal,ICD10PCS,http://purl.bioontology.org/ontology/ICD10PCS/,canonical
bioportal,ICD11-BODYSYSTEM,http://who.int/bodysystem.owl#,canonical
bioportal,ICD9CM,http://purl.bioontology.org/ontology/ICD9CM/,canonical
bioportal,ICECI,http://who.int/iceci#,canonical
bioportal,ICECI,http://who.int/iceci.owl#,prefix_alias
bioportal,ICF,http://who.int/icf#,canonical
bioportal,ICNP,http://www.icn.ch/icnp#,canonical
bioportal,ICPC2P,http://purl.bioontology.org/ontology/ICPC2P/,canonical
bioportal,ICPS,http://www.ICPS/ontologies/,canonical
bioportal,ID-AMR,http://purl.org/zonmw/id-amr/,canonical
bioportal,IDEM,http://purl.org/idem/,canonical
bioportal,IDG_GL,http://druggablegenome.net/,canonical
bioportal,IDODEN,http://purl.bioontology.org/ontology/IDODEN_,canonical
bioportal,IMGT-ONTOLOGY,http://www.imgt.org/download/IMGT-ONTOLOGY/IMGT-ONTOLOGY-v1-0-3.owl#,canonical
bioportal,INBIO,http://www.semanticweb.org/rs/ontologies/INBIO#,canonical
bioportal,INBIODIV,http://www.semanticweb.org/mca/ontologies/2018/8/untitled-ontology-47#,canonical
bioportal,INCENTIVE,http://purl.org/incentive/,canonical
bioportal,INCENTIVE-VARS,http://purl.org/incentive/variables/,canonical
bioportal,INFRARISK,https://www.infrarisk-fp7.eu/vocabs/#,canonical
bioportal,INSECTH,http://neuromorpho.org/ontologies/insectH.owl#,canonical
bioportal,INSNAME,https://www.vodan-totafrica.info/vocs/institutions/,canonical
bioportal,IntAct,http://identifiers.org/intact/,canonical
bioportal,INTO,http://www.semanticweb.org/Terrorism#,canonical
bioportal,INVERSEROLES,http://rds.posccaesar.org/2008/02/OWL/ISO-15926-2_2003#,canonical
bioportal,IRD,http://www.semanticweb.org/msh/ontologies/2019/9/untitled-ontology-3#,canonical
bioportal,IRDG,http://www.semanticweb.org/IRDGuyamazon#,canonical
bioportal,ISO-15926-2_2003,http://rds.posccaesar.org/2008/02/OWL/ISO-15926-2_2003#,namespace_alias
bioportal,ISO19108TO,http://def.isotc211.org/iso19108/2006/,canonical
bioportal,ISO19110,http://def.isotc211.org/iso19110/2005/,canonical
bioportal,ISO19115,http://loki.cae.drexel.edu/~wbs/ontology/2004/09/iso-19115#,canonical
bioportal,ISO19115CC,http://def.isotc211.org/iso19115/-1/2014/CommonClasses/code/,canonical
bioportal,ISO19115ID,http://def.isotc211.org/iso19115/2003/,canonical
bioportal,ISO19115PR,http://www.geosciml.org/vocabularies/iso-19115-codelists.owl#,canonical
bioportal,ISO19115PR,http://www.geosciml.org/vocabularies/iso-19115-codes.owl#,prefix_alias
bioportal,ISSVA,http://purl.bioontology.org/ontology/ISSVA/,canonical
bioportal,JERM,http://jermontology.org/ontology/JERMOntology#,canonical
bioportal,KISAO,http://www.biomodels.net/kisao/KISAO#KISAO_,canonical
bioportal,KORO,http://www.knowledgegrid.org/koro#,canonical
bioportal,KORO,http://www.knowledgegrid.org/koro/1.0.0/koro.owl#,prefix_alias
bioportal,LAND-SURFACE,http://anzsoil.org/def/au/asls/land-surface/,canonical
bioportal,LANDFORM,http://anzsoil.org/def/au/asls/landform/,canonical
bioportal,LDA,http://www.semanticweb.org/ontologies/2008/10/languageacquisition_autism.owl#,canonical
bioportal,LEGALAPA,http://www.semanticweb.org/ontologies/2014/11/legal.owl#,canonical
bioportal,LEGALAPATEST2,http://www.semanticweb.org/ontologies/2014/11/legal-2.owl#,canonical
bioportal,LICO,http://vavlab.ee.boun.edu.tr/carera/khaos/lico.owl#,canonical
bioportal,LOINC,http://purl.bioontology.org/ontology/LNC/,canonical
bioportal,LONGCOVID,http://www.semanticweb.org/orchid/ontologies/2021/Long-Covid-Phenotype-Ontology#,canonical
bioportal,LUNGMAP_H_CELL,OBO:LMHA_,canonical
bioportal,LUNGMAP_M_CELL,OBO:LMMA_,canonical
bioportal,M4M19-SUBS,http://purl.org/m4m19/subjects/,canonical
bioportal,M4M19-VARS,http://purl.org/m4m19/variables#,canonical
bioportal,MATRELEMENT,http://sweet.jpl.nasa.gov/2.3/matrElement.owl#,canonical
bioportal,MATRROCK,http://sweet.jpl.nasa.gov/2.3/matrRock.owl#,canonical
bioportal,MATRROCKIGNEOUS,http://sweet.jpl.nasa.gov/2.3/matrRockIgneous.owl#,canonical
bioportal,MCBCC,OBO:MCBCC_,canonical
bioportal,MCCL,http://purl.bioontology.org/ontology/MCCL/CL__,canonical
bioportal,MCCL,http://www.semanticweb.org/pallabi.d/ontologies/2014/2/untitled-ontology-11#,prefix_alias
bioportal,MDDB,http://purl.bioontology.org/ontology/MDDB/,canonical
bioportal,MEDLINEPLUS,http://purl.bioontology.org/ontology/MEDLINEPLUS/,canonical
bioportal,MEDO,http://www.ebi.ac.uk/efo/medo/MEDO_,canonical
bioportal,MEDO,http://www.ebi.ac.uk/medo/,prefix_alias
bioportal,MEO,http://purl.jp/bio/11/meo/,canonical
bioportal,MESH,http://purl.bioontology.org/ontology/MESH/,canonical
bioportal,MHC,http://purl.org/stemnet/MHC#,canonical
bioportal,MIM,http://purl.bioontology.org/ontology/MIM#,canonical
bioportal,MIRO,OBO:miro#,canonical
bioportal,MIXS,https://w3id.org/mixs/terms/,canonical
bioportal,MIXS,https://w3id.org/mixs/vocab/,prefix_alias
bioportal,MOC,http://sweet.jpl.nasa.gov/2.3/matrOrganicCompound.owl#,canonical
bioportal,MODSCI,https://w3id.org/skgo/modsci#,canonical
bioportal,MONO,http://www.owl-ontologies.com/MO.owl#,canonical
bioportal,MOSAIC,https://purl.dataone.org/odo/MOSAIC_,canonical
bioportal,MSO,http://scai.fraunhofer.de/MSOntology#,canonical
bioportal,MSTDE,http://purl.bioontology.org/ontology/MSTDE/,canonical
bioportal,MSTDE-FRE,http://purl.bioontology.org/ontology/MSTDE-FRE/,canonical
bioportal,MSV,http://purl.jp/bio/11/msv/,canonical
bioportal,NCBIGene,http://identifiers.org/ncbigene/,canonical
bioportal,NCBIGene,OBO:NCBIGene_,prefix_alias
bioportal,NCBITAXON,http://purl.bioontology.org/ontology/NCBITAXON/,canonical
bioportal,NCBITAXON,http://www.ncbi.nlm.nih.gov/taxonomy/,prefix_alias
bioportal,NCBITAXON,OBO:NCBITAXON_,prefix_alias
bioportal,NCCNEHR,http://www.semanticweb.org/lamb/ontologies/NCCN-EHR#,canonical
bioportal,NCCO,http://www.semanticweb.org/vanessa/ontologies/2012/7/untitled-ontology-33#,canonical
bioportal,NCIT,http://ncicb.nci.nih.gov/xml/owl/EVS/Thesaurus.owl#,canonical
bioportal,NDDF,http://purl.bioontology.org/ontology/NDDF/,canonical
bioportal,NDDO,http://www.purl.org/NDDO/,canonical
bioportal,NDFRT,http://purl.bioontology.org/ontology/NDFRT/,canonical
bioportal,NDFRT,http://evs.nci.nih.gov/ftp1/NDF-RT/NDF-RT.owl#,prefix_alias
bioportal,NEICBEER,http://ontology.deic.dk/cv/beer-ontology/,canonical
bioportal,NEOMARK3,http://www.neomark.eu/ontologies/,canonical
bioportal,NEOMARK4,http://neomark.owl#,canonical
bioportal,NEUDIGS,http://bmkeg.isi.edu/neuDIGs#,canonical
bioportal,NEUMORE,http://neumore.cis.usouthal.edu/ontologies/NeuMORE-v0.1.owl#,canonical
bioportal,NIFCELL,http://ontology.neuinfo.org/NIF/BiomaterialEntities/NIF-Cell.owl#,canonical
bioportal,NIHSS,https://mre.zcu.cz/ontology/nihss.owl#,canonical
bioportal,NMOBR,http://neuromorpho.org/ontologies/NMOSp.owl#,canonical
bioportal,NMR,http://nmrML.org/nmrCV#,canonical
bioportal,NPI,http://purl.bioontology.org/ontology/NPI#,canonical
bioportal,NPO,http://purl.bioontology.org/ontology/npo#,canonical
bioportal,OA,http://www.w3.org/ns/oa#,canonical
bioportal,OBOE,http://ecoinformatics.org/oboe/oboe.1.2/,canonical
bioportal,OBOREL,http://www.obofoundry.org/ro/ro.owl#,canonical
bioportal,OBOREL,OBO:OBO_REL#_,prefix_alias
bioportal,OBS,http://www.semanticweb.org/bito2/ontologies/2021/3/untitled-ontology-11#,canonical
bioportal,OCIMIDO,https://github.com/sap218/ocimido/blob/master/ontology/ocimido.owl#,canonical
bioportal,OCRE,http://purl.org/net/OCRe/,canonical
bioportal,OGR,http://www.owl-ontologies.com/GeographicalRegion.owl#,canonical
bioportal,OGROUP,http://protozoadb.biowebdb.org/22/ogroup#,canonical
bioportal,OM,http://www.ontology-of-units-of-measure.org/resource/,canonical
bioportal,OMIM,http://purl.bioontology.org/ontology/OMIM/,canonical
bioportal,OMIM,http://identifiers.org/omim/,prefix_alias
bioportal,OMV,http://omv.ontoware.org/2005/05/ontology#,canonical
bioportal,ONL-DP,http://neurolog.unice.fr/ontoneurolog/v3.0/ontoneurolog-dataset-processing.owl#,canonical
bioportal,ONL-TASKS,http://www.semanticweb.org/bakaev/ontologies/2020/3/untitled-ontology-25#,canonical
bioportal,ONLIRA,http://vavlab.ee.boun.edu.tr/carera/onlira.owl#,canonical
bioportal,ONSTR,http://onstr.googlecode.com/svn/tags/currentRelease/2014-09-03/ONSTR.owl#ONSTR_,canonical
bioportal,ONTOAD,http://doe-generated-ontology.com/OntoAD#,canonical
bioportal,ONTODM,http://www.ontodm.com/OntoDM-core/OntoDM_,canonical
bioportal,ONTODM,http://kt.ijs.si/panovp/OntoDM#OntoDM_,prefix_alias
bioportal,ONTODT,http://ontodm.com/OntoDT#,canonical
bioportal,ONTODT,http://www.ontodm.com/OntoDT#,prefix_alias
bioportal,ONTOLURGENCES,http://www.limics.fr/ontologies/ontolurgences#,canonical
bioportal,ONTOPBM,http://w3id.org/ontopbm#OntoPBM_,canonical
bioportal,ONTOPNEUMO,http://doe-generated-ontology.com/OntoPneumo#,canonical
bioportal,ONTOSIM,http://www.semanticweb.org/DIASUS/OntoSIM#,canonical
bioportal,ONTOSINASC,http://www.semanticweb.org/DIASUS/OntoSINASC#,canonical
bioportal,ONTOTOX,http://OntoTox.owl#,canonical
bioportal,OOEVV,http://bmkeg.isi.edu/ooevv/,canonical
bioportal,OPB,http://bhi.washington.edu/OPB#OPB_,canonical
bioportal,OPB,http://bhi.washington.edu/OPB##,prefix_alias
bioportal,OPDE,http://www.mudhc.edu.et/template-vocabulary#,canonical
bioportal,OPE,http://www.semanticweb.org/ontologies/2013/2/OPE.owl#,canonical
bioportal,OPTION-ONTOLOGY,http://w3id.org/ontoopt/,canonical
bioportal,ORCS,OBO:ORCS_,canonical
bioportal,ORTH,http://purl.org/net/orth#,canonical
bioportal,OSM,https://saudeconectada.org/saude_mental.owl#,canonical
bioportal,PANDA,http://purl.bioontology.org/net/brunel/panda#,canonical
bioportal,PANET,http://purl.org/pan-science/PaNET/,canonical
bioportal,PATCT,https://pat.nichd.nih.gov/placentalcelltype/,canonical
bioportal,PATEL,http://www.semanticweb.org/ambrish/ontologies/2020/10/untitled-ontology-24#,canonical
bioportal,PATGV,https://pat.nichd.nih.gov/patgeneticvariance/,canonical
bioportal,PATHLEX,http://www.semanticweb.org/david/ontologies/2013/0/pathLex.owl#,canonical
bioportal,PATIT,https://pat.nichd.nih.gov/patinvestigativetechniques/,canonical
bioportal,PATMHC,http://pat.nichd.nih.gov/maternalconditions/,canonical
bioportal,PATO,http://purl.obolibrary.org/obo/PATO_,canonical
bioportal,PCALION,http://www.semanticweb.org/ontologies/Prostate_cancer#,canonical
bioportal,PDO,http://purl.jp/bio/11/pdo/,canonical
bioportal,PDON,http://www.semanticweb.org/ontologies/2011/1/Ontology1296772722296.owl#,canonical
bioportal,PDQ,http://purl.bioontology.org/ontology/PDQ/,canonical
bioportal,PDRO,OBO:PDRO/PDRO.owl#,canonical
bioportal,PDUMDV,OBO:PdumDv_,canonical
bioportal,PE,http://bmi.utah.edu/ontologies/peontology/,canonical
bioportal,PE-O,http://www.pepathway.org/peo/1.2#,canonical
bioportal,PE-O,http://www.pepathway.org/peo/1.1#,prefix_alias
bioportal,PEDTERM,http://www.owl-ontologies.com/Ontology1358660052.owl#,canonical
bioportal,PEO,http://knoesis.wright.edu/ParasiteExperiment.owl#,canonical
bioportal,PESONT,http://www.semanticweb.org/patienceusip/ontologies/2021/7/untitled-ontology-23#,canonical
bioportal,PGXO,http://pgxo.loria.fr/,canonical
bioportal,PHENX,http://purl.bioontology.org/ontology/phenX/,canonical
bioportal,PHYLONT,http://www.semanticweb.org/ontologies/2011/7/Ontology1314368515010.owl#,canonical
bioportal,PIERO,http://reactionontology.org/piero/,canonical
bioportal,PLIO,http://www.semanticweb.org/ontologies/2010/3/Ontology1271664172453.owl#,canonical
bioportal,PLOSTHES,http://localhost/plosthes.2017-1#,canonical
bioportal,PMD,http://www.onto-med.de/ontologies/gfo-persian-medicine-diseases.owl#,canonical
bioportal,PMDO,http://www.case.edu/PMDO#,canonical
bioportal,PMO,http://performedmusicontology.org/ontology/,canonical
bioportal,PMO-SPEED,http://performedmusicontology.org/ontologies/vocabularies/playing_speed/,canonical
bioportal,PMR,http://purl.bioontology.org/ontology/PMR.owl#,canonical
bioportal,PP,https://bitbucket.org/PlantExpAssay/ontology/raw/v0.1/PipelinePatterns.owl#P,canonical
bioportal,PR,OBO:pr#,canonical
bioportal,PREGONTO,http://www.clininf.eu/pregnancy#,canonical
bioportal,PREO,http://presence-ontology.org/ontology//,canonical
bioportal,PROCCHEMICAL,http://sweet.jpl.nasa.gov/2.3/propChemical.owl#,canonical
bioportal,PROJ,http://linked.data.gov.au/def/project/,canonical
bioportal,PROPREO,http://lsdis.cs.uga.edu/projects/glycomics/propreo#,canonical
bioportal,PROVO,http://www.w3.org/ns/prov-o#,canonical
bioportal,PROVO,http://www.w3.org/ns/prov-o-20130312#,prefix_alias
bioportal,PSO_2,http://ontorion.com/PSO#,canonical
bioportal,QUDT,http://qudt.org/schema/,canonical
bioportal,QUDT,http://qudt.org/2.1/schema/,prefix_alias
bioportal,RADLEX,http://radlex.org/RID/,canonical
bioportal,RADLEX,http://www.radlex.org/RID/,prefix_alias
bioportal,RADXTT-MVREASONS,https://radx.orgx/vocs/missing-value-reason/,canonical
bioportal,RCD,http://purl.bioontology.org/ontology/RCD/,canonical
bioportal,RCTONT,http://www.owl-ontologies.com/RCTOntology.owl#,canonical
bioportal,RCTV2,http://purl.bioontology.org/ontology/RCTV2/,canonical
bioportal,RDA-CONTENT,http://rdaregistry.info/termList/RDAContentType#,canonical
bioportal,REPO,http://purl.bioontology.org/ontology/REPO.owl#,canonical
bioportal,RH-MESH,http://phenomebrowser.net/ontologies/mesh/mesh.owl#,canonical
bioportal,RO,http://www.radiomics.org/RO/,canonical
bioportal,ROLEO,OBO:RoleO_,canonical
bioportal,ROO,http://www.cancerdata.org/roo/,canonical
bioportal,ROS,urn:absolute:RadiationOncologyStructuresOntology#,canonical
bioportal,RPO,http://www.semanticweb.org/ontologies/2012/5/Ontology1338526551855.owl#,canonical
bioportal,RSA,http://rdf.biosemantics.org/ontologies/rsa#,canonical
bioportal,RVO,http://w3id.org/rv-ontology#,canonical
bioportal,SAO,http://ccdb.ucsd.edu/SAO/1.2#,canonical
bioportal,SARSMUTONTO,file://C/Users/Jamal/Desktop/SARSMutOnto.owl#,canonical
bioportal,SBO,http://purl.bioontology.org/ontology/SBO/SBO_,canonical
bioportal,SBO,http://biomodels.net/SBO/SBO_,prefix_alias
bioportal,SBOL,OBO:SBOL_,canonical
bioportal,SCHEMA,http://schema.org/,canonical
bioportal,SCHEMA,http://meta.schema.org/,prefix_alias
bioportal,SCHEMA,http://www.w3.org/wiki/WebSchemas/,prefix_alias
bioportal,SCHEMA,https://www.w3.org/wiki/WebSchemas/,prefix_alias
bioportal,SCIO,http://psink.de/scio/,canonical
bioportal,SD3,http://www.wiser.pitt.edu/ontologies/SimulationScenarioDeviations.owl#,canonical
bioportal,SDO,http://mimi.case.edu/ontologies/2009/1/SDO.owl#,canonical
bioportal,SEDI,http://semantic-dicom.org/dcm#,canonical
bioportal,SENSO,http://purl.dataone.org/odo/SENSO_,canonical
bioportal,SEQ,http://www.ontologydesignpatterns.org/cp/owl/sequence.owl#,canonical
bioportal,SHR,http://www.shojaee.com/shr/shr.owl#,canonical
bioportal,SITBAC,http://www.semanticweb.org/ontologies/2008/1/Ontology1204037102846.owl#,canonical
bioportal,SK,http://www.semanticweb.org/sandeepak/digitalforensic#,canonical
bioportal,SMASH,http://aimlab.cs.uoregon.edu/smash/ontologies/smash-ontology#,canonical
bioportal,SMASH,http://aimlab.cs.uoregon.edu/smash/ontologies/biomarker.owl#,prefix_alias
bioportal,SMASH,http://aimlab.cs.uoregon.edu/smash/ontologies/physical-activity.owl#,prefix_alias
bioportal,SMASH,http://aimlab.cs.uoregon.edu/smash/ontologies/social-activity.owl#,prefix_alias
bioportal,SNMI,http://purl.bioontology.org/ontology/SNMI/,canonical
bioportal,SNOMEDCT,http://purl.bioontology.org/ontology/SNOMEDCT/,canonical
bioportal,SNPO,http://www.loria.fr/~coulet/ontology/snpontology/version1.6/snpontology_full.owl#,canonical
bioportal,SO,http://purl.org/obo/owl/SO#SO_,canonical
bioportal,SOCPRES,http://www.semanticweb.org/social-prescribing#,canonical
bioportal,SOPHARM,http://www.loria.fr/~coulet/sopharm/SOPHARM_,canonical
bioportal,SOY,OBO:SOY_,canonical
bioportal,SP,http://purl.org/net/SMARTprotocol#,canonical
bioportal,SPO,http://www.semanticweb.org/ontologies/2008/8/MultiscaleSkinPhysiologyOntology.owl#,canonical
bioportal,SPO,http://www.semanticweb.org/ontologies/2008/8/SPO_lightweight_merged.owl#,prefix_alias
bioportal,SPTO,OBO:SP_,canonical
bioportal,SSN,http://www.w3.org/ns/ssn/,canonical
bioportal,SSO,http://surveillance.mcgill.ca/sso/syndromes.owl#,canonical
bioportal,SSO,http://www.medicine.mcgill.ca/epidemiology/buckeridge/syndromes.owl#,prefix_alias
bioportal,STMSO,https://bioportal.bioontology.org/ontologies/STMSO#,canonical
bioportal,STY,http://purl.bioontology.org/ontology/STY/,canonical
bioportal,SURGICAL,http://www.cablesat.com.au/research/,canonical
bioportal,SWEET,http://sweetontology.net/,canonical
bioportal,SWO,http://www.ebi.ac.uk/swo/SWO_,canonical
bioportal,SWO,http://www.ebi.ac.uk/efo/swo/SWO_,prefix_alias
bioportal,SWO,http://www.ebi.ac.uk/swo/algorithm/SWO_,prefix_alias
bioportal,SWO,http://www.ebi.ac.uk/swo/data/SWO_,prefix_alias
bioportal,SWO,http://www.ebi.ac.uk/swo/interface/SWO_,prefix_alias
bioportal,SWO,http://www.ebi.ac.uk/swo/license/SWO_,prefix_alias
bioportal,SWO,http://www.ebi.ac.uk/swo/objective/SWO_,prefix_alias
bioportal,SWO,http://www.ebi.ac.uk/swo/organization/SWO_,prefix_alias
bioportal,SWO,http://www.ebi.ac.uk/swo/version/SWO_,prefix_alias
bioportal,TAXRANK,OBO:taxrank.owl#,canonical
bioportal,TCDO,http://OntoTCM.org.cn/ontologies/TCDO_,canonical
bioportal,TCO,http://www.semanticweb.org/hx-jta/ontologies/thyroid_cancer_ontology#,canonical
bioportal,TDWGSPEC,http://rs.tdwg.org/ontology/voc/Specimen#,canonical
bioportal,TEDDY,http://identifiers.org/teddy/TEDDY_,canonical
bioportal,TEO,http://informatics.mayo.edu/TEO.owl#TEO_,canonical
bioportal,TESTEX,https://bioportal.databiology.com/test1.owl#,canonical
bioportal,TIME,http://www.w3.org/2006/time#,canonical
bioportal,TIMEBANK,https://w3id.org/timebank#,canonical
bioportal,TM-CONST,http://who.int/ictm/constitution#,canonical
bioportal,TM-MER,http://who.int/ictm/meridians#,canonical
bioportal,TM-SIGNS-AND-SYMPTS,http://who.int/ictm/signsAndSymptoms#,canonical
bioportal,TMA,http://bioontology.org/ontologies/tma-minimal#,canonical
bioportal,TMO,http://www.w3.org/2001/sw/hcls/ns/transmed/,canonical
bioportal,TOK,http://cui.unige.ch/isi/onto/tok/TOK.owl#,canonical
bioportal,TOP-MENELAS,http://www.limics.fr/ontologies/menelastop#,canonical
bioportal,TRAK,OBO:TRAK_,canonical
bioportal,TRIAGE,http://www.semanticweb.org/philshields/ontologies/2015/4/untitled-ontology-59#,canonical
bioportal,TRON,OBO:TrOn_,canonical
bioportal,TXPO,OBO:TXPO_,canonical
bioportal,TYPON,http://purl.phyloviz.net/ontology/typon#,canonical
bioportal,UMMS,https://w3id.org/umms/ekg/onto01/,canonical
bioportal,UNITSONT,http://mimi.case.edu/ontologies/2009/1/UnitsOntology#,canonical
bioportal,UPA,OBO:UPa_,canonical
bioportal,VANDF,http://purl.bioontology.org/ontology/VANDF/,canonical
bioportal,VARIO,OBO:VariO_,canonical
bioportal,VDOT,http://www.ifomis.org/vdot/vdot_core.owl#vdot_,canonical
bioportal,VEO,http://sbmi.uth.tmc.edu/ontology/VEO#,canonical
bioportal,VIDO,OBO:VIDO_,canonical
bioportal,VODANADISEASES,http://vocab.vodan-totafrica.info/vodana-terms/vdiseases/,canonical
bioportal,VODANAMFLCODE,http://vocab.vodana.org/vmfl/,canonical
bioportal,WB-LS,OBO:WBls_,canonical
bioportal,WC,OBO:WC_,canonical
bioportal,WEAR,http://purl.org/wear/,canonical
bioportal,WEAVE,http://purl.org/weave/,canonical
bioportal,WETAXTOPICS,http://purl.org/neat/,canonical
bioportal,WIKIPATHWAYS,http://vocabularies.wikipathways.org/wp#,canonical
bioportal,WIKIPATHWAYS,http://vocabularies.wikipathways.org/wpTypes#,prefix_alias
bioportal,WSIO,OBO:WSIO_,canonical
bioportal,WSIO,OBO:http://wsio.org#,prefix_alias
bioportal,XEO,OBO:XEO_,canonical
bioportal,XLMOD,OBO:XLMOD_,canonical
bioportal,XPO,OBO:XPO_,canonical
bioportal,XREF-FUNDER-REF,http://data.crossref.org/fundingdata/vocabulary/Label-,canonical
bioportal,ZONMW-ADMIN-MD,http://www.fair-data-collective.com/zonmw/projectadmin/,canonical
bioportal,ZONMW-CONTENT,http://purl.org/zonmw/covid19/,canonical
bioportal,ZONMW-GENERIC,http://purl.org/zonmw/generic/,canonical